{
  "monthly_factors": {
    "1": 0.4714081529378367,
    "2": 0.9979753132589504,
    "3": 2.5755459188674648,
    "4": 1.8841231028069843,
    "5": 1.548629344913573,
    "6": 1.3559667628474807,
    "7": 1.6101328016458678,
    "8": 2.428548124498316,
    "9": 3.0,
    "10": 1.0836434714481205,
    "11": 0.4055088802461886,
    "12": 0.3610464278878111
  },
  "residual_coefficients": {
    "physics": -0.9201983001767072,
    "T_out_C": 5.373379048655338,
    "RH_pct": 4.66708000414726,
    "GHI_Wm2": -0.8014820789724708,
    "occ": -5.512808036378552,
    "HDD": -130.36623349086847,
    "CDD": 6.780800283112126,
    "sin_doy": -138.23789373373677,
    "cos_doy": -132.6532302283354,
    "month_01": 502.50349076440506,
    "month_02": 607.6156031944957,
    "month_03": -179.84098968367692,
    "month_04": -819.7675731248626,
    "month_05": -545.8331132606637,
    "month_06": -111.22124927892982,
    "month_07": 327.2756597693148,
    "month_08": 833.627011995861,
    "month_09": 306.6952431383339,
    "month_10": -571.1920864634529,
    "month_11": -493.65938843655067,
    "month_12": 164.84562603467657
  },
  "feature_names": [
    "physics",
    "T_out_C",
    "RH_pct",
    "GHI_Wm2",
    "occ",
    "HDD",
    "CDD",
    "sin_doy",
    "cos_doy",
    "month_01",
    "month_02",
    "month_03",
    "month_04",
    "month_05",
    "month_06",
    "month_07",
    "month_08",
    "month_09",
    "month_10",
    "month_11",
    "month_12"
  ],
  "residual_intercept": 4240.90017127378,
  "fan_scale": 1.0,
  "pump_scale": 1.0,
  "auxiliary_scale": 0.0,
  "clip_negative_energy": true
}