{
  "train_years": [
    2020,
    2021,
    2022,
    2023
  ],
  "validate_years": [
    2024
  ],
  "best_lag_days_for_physics": 7,
  "fan_scale": 1.0,
  "pump_scale": 1.0,
  "auxiliary_scale": 0.0,
  "monthly_factors": {
    "1": 0.4714081529378367,
    "2": 0.9979753132589504,
    "3": 2.5755459188674648,
    "4": 1.8841231028069843,
    "5": 1.548629344913573,
    "6": 1.3559667628474807,
    "7": 1.6101328016458678,
    "8": 2.428548124498316,
    "9": 3.0,
    "10": 1.0836434714481205,
    "11": 0.4055088802461886,
    "12": 0.3610464278878111
  },
  "metrics": [
    {
      "case": "v31_physics_uncalibrated",
      "n_records": 1825.0,
      "total_designbuilder_kwh": 8091617.112921,
      "total_model_kwh": 8212633.06072144,
      "total_difference_kwh": 121015.94780043978,
      "overall_percentage_error_pct": 1.4955718506155826,
      "NMBE_pct": 1.4963917913231588,
      "MAPE_pct": 75.25362776308101,
      "WMAPE_pct": 69.62874414463519,
      "CVRMSE_pct": 83.0790247441785,
      "MAE_kwh": 3087.1733571064547,
      "RMSE_kwh": 3683.5268950399013,
      "mean_daily_percentage_error_pct": 12.604877538510165
    },
    {
      "case": "v31_component_seasonal",
      "n_records": 1825.0,
      "total_designbuilder_kwh": 8091617.112921,
      "total_model_kwh": 7912906.368878754,
      "total_difference_kwh": -178710.7440422466,
      "overall_percentage_error_pct": -2.2085912067796007,
      "NMBE_pct": -2.209802057221908,
      "MAPE_pct": 22.939692626803428,
      "WMAPE_pct": 22.1615174213561,
      "CVRMSE_pct": 29.622485224909838,
      "MAE_kwh": 982.5891156983117,
      "RMSE_kwh": 1313.390730811671,
      "mean_daily_percentage_error_pct": 2.1246909828928984
    },
    {
      "case": "v31_final_calibrated",
      "n_records": 1825.0,
      "total_designbuilder_kwh": 8091617.112921,
      "total_model_kwh": 8088093.573938997,
      "total_difference_kwh": -3523.538982002996,
      "overall_percentage_error_pct": -0.04354554760600913,
      "NMBE_pct": -0.043569421261488314,
      "MAPE_pct": 14.67346931015906,
      "WMAPE_pct": 14.099042311540662,
      "CVRMSE_pct": 19.2963955445587,
      "MAE_kwh": 625.1180933910119,
      "RMSE_kwh": 855.5564077043491,
      "mean_daily_percentage_error_pct": 3.6952442584543985
    }
  ]
}