case,n_records,total_designbuilder_kwh,total_model_kwh,total_difference_kwh,overall_percentage_error_pct,NMBE_pct,MAPE_pct,WMAPE_pct,CVRMSE_pct,MAE_kwh,RMSE_kwh,mean_daily_percentage_error_pct
holdout_v31_physics_uncalibrated,365.0,1622110.379467,1633356.8377417843,11246.458274784265,0.6933226257068692,0.6952273581950714,74.25700110042445,68.65778207498879,82.07950363425468,3051.2466009595246,3647.726432510243,11.825062140141492
holdout_v31_component_seasonal,365.0,1622110.379467,1579804.0576001233,-42306.32186687668,-2.608103764231992,-2.6152688844633976,23.316654539612948,22.63449586093846,30.50838362223557,1005.9082375350994,1355.8346776545027,1.943394407733246
holdout_v31_final_calibrated,365.0,1622110.379467,1618638.50881438,-3471.870652619982,-0.2140341801993021,-0.21462218618885398,14.825187224665317,14.288424641899,20.032247557453978,634.9973128179842,890.2607311506454,3.6830969273922625
